Lag04,Lag03,Lag02,Lag01,target
0.48678,0.59378,0.80861,1.2,0.82029
0.50596,0.56902,0.76323,1.1176,0.87655
0.5499,0.54661,0.72225,1.0429,0.92311
0.61243,0.52634,0.68523,0.9752,0.9602
0.68383,0.508,0.65163,0.91401,0.9887
0.75509,0.4914,0.62123,0.85874,1.0095
0.82029,0.48678,0.59378,0.80861,1.0235
0.87655,0.50596,0.56902,0.76323,1.032
0.92311,0.5499,0.54661,0.72225,1.0356
0.9602,0.61243,0.52634,0.68523,1.0353
0.9887,0.68383,0.508,0.65163,1.0318
1.0095,0.75509,0.4914,0.62123,1.0263
1.0235,0.82029,0.48678,0.59378,1.0226
1.032,0.87655,0.50596,0.56902,1.0254
1.0356,0.92311,0.5499,0.54661,1.0378
1.0353,0.9602,0.61243,0.52634,1.061
1.0318,0.9887,0.68383,0.508,1.0919
1.0263,1.0095,0.75509,0.4914,1.125
1.0226,1.0235,0.82029,0.48678,1.1527
1.0254,1.032,0.87655,0.50596,1.1696
1.0378,1.0356,0.92311,0.5499,1.1736
1.061,1.0353,0.9602,0.61243,1.1662
1.0919,1.0318,0.9887,0.68383,1.1506
1.125,1.0263,1.0095,0.75509,1.1297
1.1527,1.0226,1.0235,0.82029,1.1065
1.1696,1.0254,1.032,0.87655,1.0832
1.1736,1.0378,1.0356,0.92311,1.0616
1.1662,1.061,1.0353,0.9602,1.0427
1.1506,1.0919,1.0318,0.9887,1.0277
1.1297,1.125,1.0263,1.0095,1.0158
1.1065,1.1527,1.0226,1.0235,1.0053
1.0832,1.1696,1.0254,1.032,0.99302
1.0616,1.1736,1.0378,1.0356,0.97498
1.0427,1.1662,1.061,1.0353,0.94857
1.0277,1.1506,1.0919,1.0318,0.91378
1.0158,1.1297,1.125,1.0263,0.87301
1.0053,1.1065,1.1527,1.0226,0.83016
0.99302,1.0832,1.1696,1.0254,0.78889
0.97498,1.0616,1.1736,1.0378,0.75199
0.94857,1.0427,1.1662,1.061,0.72155
0.91378,1.0277,1.1506,1.0919,0.6989
0.87301,1.0158,1.1297,1.125,0.68499
0.83016,1.0053,1.1065,1.1527,0.67985
0.78889,0.99302,1.0832,1.1696,0.68301
0.75199,0.97498,1.0616,1.1736,0.6934
0.72155,0.94857,1.0427,1.1662,0.70919
0.6989,0.91378,1.0277,1.1506,0.72851
0.68499,0.87301,1.0158,1.1297,0.75033
0.67985,0.83016,1.0053,1.1065,0.77425
0.68301,0.78889,0.99302,1.0832,0.80151
0.6934,0.75199,0.97498,1.0616,0.83428
0.70919,0.72155,0.94857,1.0427,0.87381
0.72851,0.6989,0.91378,1.0277,0.91882
0.75033,0.68499,0.87301,1.0158,0.9662
0.77425,0.67985,0.83016,1.0053,1.0116
0.80151,0.68301,0.78889,0.99302,1.0517
0.83428,0.6934,0.75199,0.97498,1.0854
0.87381,0.70919,0.72155,0.94857,1.1129
0.91882,0.72851,0.6989,0.91378,1.1354
0.9662,0.75033,0.68499,0.87301,1.1544
1.0116,0.77425,0.67985,0.83016,1.1715
1.0517,0.80151,0.68301,0.78889,1.1879
1.0854,0.83428,0.6934,0.75199,1.2046
1.1129,0.87381,0.70919,0.72155,1.2219
1.1354,0.91882,0.72851,0.6989,1.2398
1.1544,0.9662,0.75033,0.68499,1.2579
1.1715,1.0116,0.77425,0.67985,1.2756
1.1879,1.0517,0.80151,0.68301,1.2914
1.2046,1.0854,0.83428,0.6934,1.3032
1.2219,1.1129,0.87381,0.70919,1.3068
1.2398,1.1354,0.91882,0.72851,1.2974
1.2579,1.1544,0.9662,0.75033,1.2731
1.2756,1.1715,1.0116,0.77425,1.2346
1.2914,1.1879,1.0517,0.80151,1.1861
1.3032,1.2046,1.0854,0.83428,1.1316
1.3068,1.2219,1.1129,0.87381,1.0745
1.2974,1.2398,1.1354,0.91882,1.017
1.2731,1.2579,1.1544,0.9662,0.9602
1.2346,1.2756,1.1715,1.0116,0.90491
1.1861,1.2914,1.1879,1.0517,0.8513
1.1316,1.3032,1.2046,1.0854,0.79945
1.0745,1.3068,1.2219,1.1129,0.7494
1.017,1.2974,1.2398,1.1354,0.70123
0.9602,1.2731,1.2579,1.1544,0.65514
0.90491,1.2346,1.2756,1.1715,0.61134
0.8513,1.1861,1.2914,1.1879,0.57005
0.79945,1.1316,1.3032,1.2046,0.53191
0.7494,1.0745,1.3068,1.2219,0.49764
0.70123,1.017,1.2974,1.2398,0.46855
0.65514,0.9602,1.2731,1.2579,0.44635
0.61134,0.90491,1.2346,1.2756,0.43365
0.57005,0.8513,1.1861,1.2914,0.43364
0.53191,0.79945,1.1316,1.3032,0.44993
0.49764,0.7494,1.0745,1.3068,0.48499
0.46855,0.70123,1.017,1.2974,0.53845
0.44635,0.65514,0.9602,1.2731,0.60566
0.43365,0.61134,0.90491,1.2346,0.67914
0.43364,0.57005,0.8513,1.1861,0.75128
0.44993,0.53191,0.79945,1.1316,0.81636
0.48499,0.49764,0.7494,1.0745,0.87119
0.53845,0.46855,0.70123,1.017,0.91466
0.60566,0.44635,0.65514,0.9602,0.9468
0.67914,0.43365,0.61134,0.90491,0.96854
0.75128,0.43364,0.57005,0.8513,0.98093
0.81636,0.44993,0.53191,0.79945,0.98532
0.87119,0.48499,0.49764,0.7494,0.98337
0.91466,0.53845,0.46855,0.70123,0.97668
0.9468,0.60566,0.44635,0.65514,0.96721
0.96854,0.67914,0.43365,0.61134,0.95747
0.98093,0.75128,0.43364,0.57005,0.95014
0.98532,0.81636,0.44993,0.53191,0.94837
0.98337,0.87119,0.48499,0.49764,0.95529
0.97668,0.91466,0.53845,0.46855,0.97274
0.96721,0.9468,0.60566,0.44635,1.0011
0.95747,0.96854,0.67914,0.43365,1.0372
0.95014,0.98093,0.75128,0.43364,1.0754
0.94837,0.98532,0.81636,0.44993,1.1084
0.95529,0.98337,0.87119,0.48499,1.131
0.97274,0.97668,0.91466,0.53845,1.1419
1.0011,0.96721,0.9468,0.60566,1.1434
1.0372,0.95747,0.96854,0.67914,1.1389
1.0754,0.95014,0.98093,0.75128,1.1319
1.1084,0.94837,0.98532,0.81636,1.1251
1.131,0.95529,0.98337,0.87119,1.1206
1.1419,0.97274,0.97668,0.91466,1.1195
1.1434,1.0011,0.96721,0.9468,1.1222
1.1389,1.0372,0.95747,0.96854,1.1273
1.1319,1.0754,0.95014,0.98093,1.1335
1.1251,1.1084,0.94837,0.98532,1.1385
1.1206,1.131,0.95529,0.98337,1.1387
1.1195,1.1419,0.97274,0.97668,1.1306
1.1222,1.1434,1.0011,0.96721,1.1109
1.1273,1.1389,1.0372,0.95747,1.0785
1.1335,1.1319,1.0754,0.95014,1.0367
1.1385,1.1251,1.1084,0.94837,0.98979
1.1387,1.1206,1.131,0.95529,0.94241
1.1306,1.1195,1.1419,0.97274,0.89793
1.1109,1.1222,1.1434,1.0011,0.85817
1.0785,1.1273,1.1389,1.0372,0.82393
1.0367,1.1335,1.1319,1.0754,0.79492
0.98979,1.1385,1.1251,1.1084,0.77042
0.94241,1.1387,1.1206,1.131,0.74909
0.89793,1.1306,1.1195,1.1419,0.72952
0.85817,1.1109,1.1222,1.1434,0.71053
0.82393,1.0785,1.1273,1.1389,0.69174
0.79492,1.0367,1.1335,1.1319,0.67299
0.77042,0.98979,1.1385,1.1251,0.65528
0.74909,0.94241,1.1387,1.1206,0.64021
0.72952,0.89793,1.1306,1.1195,0.6307
0.71053,0.85817,1.1109,1.1222,0.63054
0.69174,0.82393,1.0785,1.1273,0.64365
0.67299,0.79492,1.0367,1.1335,0.67261
0.65528,0.77042,0.98979,1.1385,0.71628
0.64021,0.74909,0.94241,1.1387,0.77014
0.6307,0.72952,0.89793,1.1306,0.82812
0.63054,0.71053,0.85817,1.1109,0.88523
0.64365,0.69174,0.82393,1.0785,0.93839
0.67261,0.67299,0.79492,1.0367,0.98615
0.71628,0.65528,0.77042,0.98979,1.0282
0.77014,0.64021,0.74909,0.94241,1.0645
0.82812,0.6307,0.72952,0.89793,1.0954
0.88523,0.63054,0.71053,0.85817,1.1211
0.93839,0.64365,0.69174,0.82393,1.1417
0.98615,0.67261,0.67299,0.79492,1.1573
1.0282,0.71628,0.65528,0.77042,1.1687
1.0645,0.77014,0.64021,0.74909,1.1771
1.0954,0.82812,0.6307,0.72952,1.1837
1.1211,0.88523,0.63054,0.71053,1.1908
1.1417,0.93839,0.64365,0.69174,1.2007
1.1573,0.98615,0.67261,0.67299,1.2155
1.1687,1.0282,0.71628,0.65528,1.2341
1.1771,1.0645,0.77014,0.64021,1.2539
1.1837,1.0954,0.82812,0.6307,1.2686
1.1908,1.1211,0.88523,0.63054,1.2715
1.2007,1.1417,0.93839,0.64365,1.259
1.2155,1.1573,0.98615,0.67261,1.2313
1.2341,1.1687,1.0282,0.71628,1.1913
1.2539,1.1771,1.0645,0.77014,1.1429
1.2686,1.1837,1.0954,0.82812,1.0896
1.2715,1.1908,1.1211,0.88523,1.0343
1.259,1.2007,1.1417,0.93839,0.97927
1.2313,1.2155,1.1573,0.98615,0.92608
1.1913,1.2341,1.1687,1.0282,0.87552
1.1429,1.2539,1.1771,1.0645,0.82817
1.0896,1.2686,1.1837,1.0954,0.78387
1.0343,1.2715,1.1908,1.1211,0.74189
0.97927,1.259,1.2007,1.1417,0.70146
0.92608,1.2313,1.2155,1.1573,0.66161
0.87552,1.1913,1.2341,1.1687,0.62253
0.82817,1.1429,1.2539,1.1771,0.58468
0.78387,1.0896,1.2686,1.1837,0.54914
0.74189,1.0343,1.2715,1.1908,0.51762
0.70146,0.97927,1.259,1.2007,0.49199
0.66161,0.92608,1.2313,1.2155,0.47469
0.62253,0.87552,1.1913,1.2341,0.4686
0.58468,0.82817,1.1429,1.2539,0.47732
0.54914,0.78387,1.0896,1.2686,0.50371
0.51762,0.74189,1.0343,1.2715,0.54864
0.49199,0.70146,0.97927,1.259,0.60861
0.47469,0.66161,0.92608,1.2313,0.67741
0.4686,0.62253,0.87552,1.1913,0.74774
0.47732,0.58468,0.82817,1.1429,0.8139
0.50371,0.54914,0.78387,1.0896,0.87243
0.54864,0.51762,0.74189,1.0343,0.92157
0.60861,0.49199,0.70146,0.97927,0.9608
0.67741,0.47469,0.66161,0.92608,0.99004
0.74774,0.4686,0.62253,0.87552,1.01
0.8139,0.47732,0.58468,0.82817,1.0214
0.87243,0.50371,0.54914,0.78387,1.0254
0.92157,0.54864,0.51762,0.74189,1.0236
0.9608,0.60861,0.49199,0.70146,1.0181
0.99004,0.67741,0.47469,0.66161,1.0106
1.01,0.74774,0.4686,0.62253,1.0041
1.0214,0.8139,0.47732,0.58468,1.0017
1.0254,0.87243,0.50371,0.54914,1.0061
1.0236,0.92157,0.54864,0.51762,1.02
1.0181,0.9608,0.60861,0.49199,1.0439
1.0106,0.99004,0.67741,0.47469,1.0756
1.0041,1.01,0.74774,0.4686,1.1101
1.0017,1.0214,0.8139,0.47732,1.1397
1.0061,1.0254,0.87243,0.50371,1.1584
1.02,1.0236,0.92157,0.54864,1.1636
1.0439,1.0181,0.9608,0.60861,1.1568
1.0756,1.0106,0.99004,0.67741,1.1416
1.1101,1.0041,1.01,0.74774,1.1218
1.1397,1.0017,1.0214,0.8139,1.1011
1.1584,1.0061,1.0254,0.87243,1.0819
1.1636,1.02,1.0236,0.92157,1.0661
1.1568,1.0439,1.0181,0.9608,1.0543
1.1416,1.0756,1.0106,0.99004,1.0465
1.1218,1.1101,1.0041,1.01,1.0412
1.1011,1.1397,1.0017,1.0214,1.036
1.0819,1.1584,1.0061,1.0254,1.0279
1.0661,1.1636,1.02,1.0236,1.0131
1.0543,1.1568,1.0439,1.0181,0.98907
1.0465,1.1416,1.0756,1.0106,0.95558
1.0412,1.1218,1.1101,1.0041,0.91486
1.036,1.1011,1.1397,1.0017,0.87112
1.0279,1.0819,1.1584,1.0061,0.82855
1.0131,1.0661,1.1636,1.02,0.79022
0.98907,1.0543,1.1568,1.0439,0.75854
0.95558,1.0465,1.1416,1.0756,0.73476
0.91486,1.0412,1.1218,1.1101,0.71958
0.87112,1.036,1.1011,1.1397,0.71231
0.82855,1.0279,1.0819,1.1584,0.71182
0.79022,1.0131,1.0661,1.1636,0.71638
0.75854,0.98907,1.0543,1.1568,0.72419
0.73476,0.95558,1.0465,1.1416,0.7336
0.71958,0.91486,1.0412,1.1218,0.74405
0.71231,0.87112,1.036,1.1011,0.75599
0.71182,0.82855,1.0279,1.0819,0.77106
0.71638,0.79022,1.0131,1.0661,0.79227
0.72419,0.75854,0.98907,1.0543,0.82212
0.7336,0.73476,0.95558,1.0465,0.86146
0.74405,0.71958,0.91486,1.0412,0.90787
0.75599,0.71231,0.87112,1.036,0.95647
0.77106,0.71182,0.82855,1.0279,1.0028
0.79227,0.71638,0.79022,1.0131,1.044
0.82212,0.72419,0.75854,0.98907,1.0794
0.86146,0.7336,0.73476,0.95558,1.1096
0.90787,0.74405,0.71958,0.91486,1.1356
0.95647,0.75599,0.71231,0.87112,1.1586
1.0028,0.77106,0.71182,0.82855,1.1798
1.044,0.79227,0.71638,0.79022,1.1997
1.0794,0.82212,0.72419,0.75854,1.2186
1.1096,0.86146,0.7336,0.73476,1.2369
1.1356,0.90787,0.74405,0.71958,1.2546
1.1586,0.95647,0.75599,0.71231,1.2715
1.1798,1.0028,0.77106,0.71182,1.2875
1.1997,1.044,0.79227,0.71638,1.3024
1.2186,1.0794,0.82212,0.72419,1.3143
1.2369,1.1096,0.86146,0.7336,1.3191
1.2546,1.1356,0.90787,0.74405,1.3118
1.2715,1.1586,0.95647,0.75599,1.2894
1.2875,1.1798,1.0028,0.77106,1.2526
1.3024,1.1997,1.044,0.79227,1.2049
1.3143,1.2186,1.0794,0.82212,1.1502
1.3191,1.2369,1.1096,0.86146,1.0918
1.3118,1.2546,1.1356,0.90787,1.032
1.2894,1.2715,1.1586,0.95647,0.9723
1.2526,1.2875,1.1798,1.0028,0.91361
1.2049,1.3024,1.1997,1.044,0.85661
1.1502,1.3143,1.2186,1.0794,0.80165
1.0918,1.3191,1.2369,1.1096,0.74901
1.032,1.3118,1.2546,1.1356,0.69886
0.9723,1.2894,1.2715,1.1586,0.65121
0.91361,1.2526,1.2875,1.1798,0.60629
0.85661,1.2049,1.3024,1.1997,0.56433
0.80165,1.1502,1.3143,1.2186,0.52557
0.74901,1.0918,1.3191,1.2369,0.49055
0.69886,1.032,1.3118,1.2546,0.46042
0.65121,0.9723,1.2894,1.2715,0.43668
0.60629,0.91361,1.2526,1.2875,0.42156
0.56433,0.85661,1.2049,1.3024,0.41818
0.52557,0.80165,1.1502,1.3143,0.43026
0.49055,0.74901,1.0918,1.3191,0.46125
0.46042,0.69886,1.032,1.3118,0.51182
0.43668,0.65121,0.9723,1.2894,0.57841
0.42156,0.60629,0.91361,1.2526,0.65322
0.41818,0.56433,0.85661,1.2049,0.72759
0.43026,0.52557,0.80165,1.1502,0.79495
0.46125,0.49055,0.74901,1.0918,0.85168
0.51182,0.46042,0.69886,1.032,0.89647
0.57841,0.43668,0.65121,0.9723,0.92963
0.65322,0.42156,0.60629,0.91361,0.95196
0.72759,0.41818,0.56433,0.85661,0.96487
0.79495,0.43026,0.52557,0.80165,0.96969
0.85168,0.46125,0.49055,0.74901,0.96776
0.89647,0.51182,0.46042,0.69886,0.96083
0.92963,0.57841,0.43668,0.65121,0.95091
0.95196,0.65322,0.42156,0.60629,0.94006
0.96487,0.72759,0.41818,0.56433,0.93103
0.96969,0.79495,0.43026,0.52557,0.92699
0.96776,0.85168,0.46125,0.49055,0.93109
0.96083,0.89647,0.51182,0.46042,0.94597
0.95091,0.92963,0.57841,0.43668,0.97232
0.94006,0.95196,0.65322,0.42156,1.008
0.93103,0.96487,0.72759,0.41818,1.0479
0.92699,0.96969,0.79495,0.43026,1.0848
0.93109,0.96776,0.85168,0.46125,1.1131
0.94597,0.96083,0.89647,0.51182,1.1306
0.97232,0.95091,0.92963,0.57841,1.1388
1.008,0.94006,0.95196,0.65322,1.1405
1.0479,0.93103,0.96487,0.72759,1.139
1.0848,0.92699,0.96969,0.79495,1.1372
1.1131,0.93109,0.96776,0.85168,1.1371
1.1306,0.94597,0.96083,0.89647,1.1401
1.1388,0.97232,0.95091,0.92963,1.1462
1.1405,1.008,0.94006,0.95196,1.1549
1.139,1.0479,0.93103,0.96487,1.1647
1.1372,1.0848,0.92699,0.96969,1.1737
1.1371,1.1131,0.93109,0.96776,1.179
1.1401,1.1306,0.94597,0.96083,1.1771
1.1462,1.1388,0.97232,0.95091,1.1638
1.1549,1.1405,1.008,0.94006,1.1375
1.1647,1.139,1.0479,0.93103,1.0989
1.1737,1.1372,1.0848,0.92699,1.0526
1.179,1.1371,1.1131,0.93109,1.0036
1.1771,1.1401,1.1306,0.94597,0.95547
1.1638,1.1462,1.1388,0.97232,0.91067
1.1375,1.1549,1.1405,1.008,0.87013
1.0989,1.1647,1.139,1.0479,0.83404
1.0526,1.1737,1.1372,1.0848,0.80158
1.0036,1.179,1.1371,1.1131,0.7718
0.95547,1.1771,1.1401,1.1306,0.74352
0.91067,1.1638,1.1462,1.1388,0.71599
0.87013,1.1375,1.1549,1.1405,0.68871
0.83404,1.0989,1.1647,1.139,0.66157
0.80158,1.0526,1.1737,1.1372,0.63538
0.7718,1.0036,1.179,1.1371,0.61116
0.74352,0.95547,1.1771,1.1401,0.59102
0.71599,0.91067,1.1638,1.1462,0.57772
0.68871,0.87013,1.1375,1.1549,0.57514
0.66157,0.83404,1.0989,1.1647,0.58703
0.63538,0.80158,1.0526,1.1737,0.61579
0.61116,0.7718,1.0036,1.179,0.66008
0.59102,0.74352,0.95547,1.1771,0.71566
0.57772,0.71599,0.91067,1.1638,0.77656
0.57514,0.68871,0.87013,1.1375,0.83754
0.58703,0.66157,0.83404,1.0989,0.89501
0.61579,0.63538,0.80158,1.0526,0.94705
0.66008,0.61116,0.7718,1.0036,0.9926
0.71566,0.59102,0.74352,0.95547,1.0313
0.77656,0.57772,0.71599,0.91067,1.063
0.83754,0.57514,0.68871,0.87013,1.0879
0.89501,0.58703,0.66157,0.83404,1.1063
0.94705,0.61579,0.63538,0.80158,1.1186
0.9926,0.66008,0.61116,0.7718,1.1257
1.0313,0.71566,0.59102,0.74352,1.1292
1.063,0.77656,0.57772,0.71599,1.1308
1.0879,0.83754,0.57514,0.68871,1.1331
1.1063,0.89501,0.58703,0.66157,1.1388
1.1186,0.94705,0.61579,0.63538,1.1505
1.1257,0.9926,0.66008,0.61116,1.1687
1.1292,1.0313,0.71566,0.59102,1.1923
1.1308,1.063,0.77656,0.57772,1.216
1.1331,1.0879,0.83754,0.57514,1.2328
1.1388,1.1063,0.89501,0.58703,1.2369
1.1505,1.1186,0.94705,0.61579,1.225
1.1687,1.1257,0.9926,0.66008,1.1987
1.1923,1.1292,1.0313,0.71566,1.1615
1.216,1.1308,1.063,0.77656,1.1174
1.2328,1.1331,1.0879,0.83754,1.0702
1.2369,1.1388,1.1063,0.89501,1.0224
1.225,1.1505,1.1186,0.94705,0.97629
1.1987,1.1687,1.1257,0.9926,0.93298
1.1615,1.1923,1.1292,1.0313,0.89321
1.1174,1.216,1.1308,1.063,0.8568
1.0702,1.2328,1.1331,1.0879,0.82254
1.0224,1.2369,1.1388,1.1063,0.78912
0.97629,1.225,1.1505,1.1186,0.75487
0.93298,1.1987,1.1687,1.1257,0.71905
0.89321,1.1615,1.1923,1.1292,0.68147
0.8568,1.1174,1.216,1.1308,0.64364
0.82254,1.0702,1.2328,1.1331,0.6076
0.78912,1.0224,1.2369,1.1388,0.57564
0.75487,0.97629,1.225,1.1505,0.55015
0.71905,0.93298,1.1987,1.1687,0.53375
0.68147,0.89321,1.1615,1.1923,0.5293
0.64364,0.8568,1.1174,1.216,0.53942
0.6076,0.82254,1.0702,1.2328,0.56578
0.57564,0.78912,1.0224,1.2369,0.60751
0.55015,0.75487,0.97629,1.225,0.66133
0.53375,0.71905,0.93298,1.1987,0.72226
0.5293,0.68147,0.89321,1.1615,0.78532
0.53942,0.64364,0.8568,1.1174,0.84661
0.56578,0.6076,0.82254,1.0702,0.90344
0.60751,0.57564,0.78912,1.0224,0.95406
0.66133,0.55015,0.75487,0.97629,0.9971
0.72226,0.53375,0.71905,0.93298,1.0318
0.78532,0.5293,0.68147,0.89321,1.0576
0.84661,0.53942,0.64364,0.8568,1.0748
0.90344,0.56578,0.6076,0.82254,1.0845
0.95406,0.60751,0.57564,0.78912,1.0879
0.9971,0.66133,0.55015,0.75487,1.0871
1.0318,0.72226,0.53375,0.71905,1.0845
1.0576,0.78532,0.5293,0.68147,1.0826
1.0748,0.84661,0.53942,0.64364,1.0842
1.0845,0.90344,0.56578,0.6076,1.0921
1.0879,0.95406,0.60751,0.57564,1.1076
1.0871,0.9971,0.66133,0.55015,1.1306
1.0845,1.0318,0.72226,0.53375,1.1584
1.0826,1.0576,0.78532,0.5293,1.185
1.0842,1.0748,0.84661,0.53942,1.2035
1.0921,1.0845,0.90344,0.56578,1.2081
1.1076,1.0879,0.95406,0.60751,1.1969
1.1306,1.0871,0.9971,0.66133,1.1723
1.1584,1.0845,1.0318,0.72226,1.1385
1.185,1.0826,1.0576,0.78532,1.0999
1.2035,1.0842,1.0748,0.84661,1.0602
1.2081,1.0921,1.0845,0.90344,1.0221
1.1969,1.1076,1.0879,0.95406,0.98722
1.1723,1.1306,1.0871,0.9971,0.95629
1.1385,1.1584,1.0845,1.0318,0.92927
1.0999,1.185,1.0826,1.0576,0.90483
1.0602,1.2035,1.0842,1.0748,0.88111
1.0221,1.2081,1.0921,1.0845,0.85576
0.98722,1.1969,1.1076,1.0879,0.82658
0.95629,1.1723,1.1306,1.0871,0.79276
0.92927,1.1385,1.1584,1.0845,0.75519
0.90483,1.0999,1.185,1.0826,0.71605
0.88111,1.0602,1.2035,1.0842,0.67825
0.85576,1.0221,1.2081,1.0921,0.64472
0.82658,0.98722,1.1969,1.1076,0.61822
0.79276,0.95629,1.1723,1.1306,0.60131
0.75519,0.92927,1.1385,1.1584,0.59639
0.71605,0.90483,1.0999,1.185,0.60484
0.67825,0.88111,1.0602,1.2035,0.62693
0.64472,0.85576,1.0221,1.2081,0.66083
0.61822,0.82658,0.98722,1.1969,0.70371
0.60131,0.79276,0.95629,1.1723,0.75224
0.59639,0.75519,0.92927,1.1385,0.80352
0.60484,0.71605,0.90483,1.0999,0.85556
0.62693,0.67825,0.88111,1.0602,0.90696
0.66083,0.64472,0.85576,1.0221,0.95654
0.70371,0.61822,0.82658,0.98722,1.0029
0.75224,0.60131,0.79276,0.95629,1.0442
0.80352,0.59639,0.75519,0.92927,1.0785
0.85556,0.60484,0.71605,0.90483,1.1049
0.90696,0.62693,0.67825,0.88111,1.1236
0.95654,0.66083,0.64472,0.85576,1.1355
1.0029,0.70371,0.61822,0.82658,1.1425
1.0442,0.75224,0.60131,0.79276,1.1469
1.0785,0.80352,0.59639,0.75519,1.1512
1.1049,0.85556,0.60484,0.71605,1.1578
1.1236,0.90696,0.62693,0.67825,1.1686
1.1355,0.95654,0.66083,0.64472,1.1846
1.1425,1.0029,0.70371,0.61822,1.2047
1.1469,1.0442,0.75224,0.60131,1.2269
1.1512,1.0785,0.80352,0.59639,1.2466
1.1578,1.1049,0.85556,0.60484,1.2584
1.1686,1.1236,0.90696,0.62693,1.2569
1.1846,1.1355,0.95654,0.66083,1.2397
1.2047,1.1425,1.0029,0.70371,1.2075
1.2269,1.1469,1.0442,0.75224,1.1642
1.2466,1.1512,1.0785,0.80352,1.1142
1.2584,1.1578,1.1049,0.85556,1.0617
1.2569,1.1686,1.1236,0.90696,1.0096
1.2397,1.1846,1.1355,0.95654,0.95979
1.2075,1.2047,1.1425,1.0029,0.91327
1.1642,1.2269,1.1469,1.0442,0.87007
1.1142,1.2466,1.1512,1.0785,0.82948
1.0617,1.2584,1.1578,1.1049,0.7905
1.0096,1.2569,1.1686,1.1236,0.75199
0.95979,1.2397,1.1846,1.1355,0.71337
0.91327,1.2075,1.2047,1.1425,0.67418
0.87007,1.1642,1.2269,1.1469,0.63503
0.82948,1.1142,1.2466,1.1512,0.59716
0.7905,1.0617,1.2584,1.1578,0.56206
0.75199,1.0096,1.2569,1.1686,0.53172
0.71337,0.95979,1.2397,1.1846,0.50827
0.67418,0.91327,1.2075,1.2047,0.49462
0.63503,0.87007,1.1642,1.2269,0.49402
0.59716,0.82948,1.1142,1.2466,0.50961
0.56206,0.7905,1.0617,1.2584,0.54282
0.53172,0.75199,1.0096,1.2569,0.59227
0.50827,0.71337,0.95979,1.2397,0.65325
0.49462,0.67418,0.91327,1.2075,0.71981
0.49402,0.63503,0.87007,1.1642,0.78637
0.50961,0.59716,0.82948,1.1142,0.84885
0.54282,0.56206,0.7905,1.0617,0.90459
0.59227,0.53172,0.75199,1.0096,0.95189
0.65325,0.50827,0.71337,0.95979,0.99
0.71981,0.49462,0.67418,0.91327,1.0185
0.78637,0.49402,0.63503,0.87007,1.0378
0.84885,0.50961,0.59716,0.82948,1.049
0.90459,0.54282,0.56206,0.7905,1.0531
0.95189,0.59227,0.53172,0.75199,1.0515
0.99,0.65325,0.50827,0.71337,1.0466
1.0185,0.71981,0.49462,0.67418,1.0408
1.0378,0.78637,0.49402,0.63503,1.0369
1.049,0.84885,0.50961,0.59716,1.038
1.0531,0.90459,0.54282,0.56206,1.0467
1.0515,0.95189,0.59227,0.53172,1.0646
1.0466,0.99,0.65325,0.50827,1.0909
1.0408,1.0185,0.71981,0.49462,1.1223
1.0369,1.0378,0.78637,0.49402,1.1525
1.038,1.049,0.84885,0.50961,1.1738
1.0467,1.0531,0.90459,0.54282,1.1813
1.0646,1.0515,0.95189,0.59227,1.1743
1.0909,1.0466,0.99,0.65325,1.1557
1.1223,1.0408,1.0185,0.71981,1.1298
1.1525,1.0369,1.0378,0.78637,1.1005
1.1738,1.038,1.049,0.84885,1.0713
1.1813,1.0467,1.0531,0.90459,1.0443
1.1743,1.0646,1.0515,0.95189,1.0214
1.1557,1.0909,1.0466,0.99,1.0026
1.1298,1.1223,1.0408,1.0185,0.98523
1.1005,1.1525,1.0369,1.0378,0.96534
1.0713,1.1738,1.038,1.049,0.94283
1.0443,1.1813,1.0467,1.0531,0.91769
1.0214,1.1743,1.0646,1.0515,0.88991
1.0026,1.1557,1.0909,1.0466,0.8595
0.98523,1.1298,1.1223,1.0408,0.82644
0.96534,1.1005,1.1525,1.0369,0.79072
0.94283,1.0713,1.1738,1.038,0.75268
0.91769,1.0443,1.1813,1.0467,0.71735
0.88991,1.0214,1.1743,1.0646,0.68849
0.8595,1.0026,1.1557,1.0909,0.66826
0.82644,0.98523,1.1298,1.1223,0.65815
0.79072,0.96534,1.1005,1.1525,0.65873
0.75268,0.94283,1.0713,1.1738,0.66928
0.71735,0.91769,1.0443,1.1813,0.68832
0.68849,0.88991,1.0214,1.1743,0.71357
0.66826,0.8595,1.0026,1.1557,0.74311
0.65815,0.82644,0.98523,1.1298,0.7767
0.65873,0.79072,0.96534,1.1005,0.81455
0.66928,0.75268,0.94283,1.0713,0.85619
0.68832,0.71735,0.91769,1.0443,0.90075
0.71357,0.68849,0.88991,1.0214,0.94689
0.74311,0.66826,0.8595,1.0026,0.99252
0.7767,0.65815,0.82644,0.98523,1.0354
0.81455,0.65873,0.79072,0.96534,1.0734
0.85619,0.66928,0.75268,0.94283,1.1048
0.90075,0.68832,0.71735,0.91769,1.1295
0.94689,0.71357,0.68849,0.88991,1.1484
0.99252,0.74311,0.66826,0.8595,1.1632
1.0354,0.7767,0.65815,0.82644,1.1758
1.0734,0.81455,0.65873,0.79072,1.1881
1.1048,0.85619,0.66928,0.75268,1.2017
1.1295,0.90075,0.68832,0.71735,1.217
1.1484,0.94689,0.71357,0.68849,1.2341
1.1632,0.99252,0.74311,0.66826,1.2525
1.1758,1.0354,0.7767,0.65815,1.2707
1.1881,1.0734,0.81455,0.65873,1.286
1.2017,1.1048,0.85619,0.66928,1.2947
1.217,1.1295,0.90075,0.68832,1.2923
1.2341,1.1484,0.94689,0.71357,1.2752
1.2525,1.1632,0.99252,0.74311,1.2435
1.2707,1.1758,1.0354,0.7767,1.1993
1.286,1.1881,1.0734,0.81455,1.1469
1.2947,1.2017,1.1048,0.85619,1.0904
1.2923,1.217,1.1295,0.90075,1.0329
1.2752,1.2341,1.1484,0.94689,0.97646
1.2435,1.2525,1.1632,0.99252,0.92194
1.1993,1.2707,1.1758,1.0354,0.86976
1.1469,1.286,1.1881,1.0734,0.81973
1.0904,1.2947,1.2017,1.1048,0.77162
1.0329,1.2923,1.217,1.1295,0.72517
0.97646,1.2752,1.2341,1.1484,0.68012
0.92194,1.2435,1.2525,1.1632,0.63672
0.86976,1.1993,1.2707,1.1758,0.5953
0.81973,1.1469,1.286,1.1881,0.5563
0.77162,1.0904,1.2947,1.2017,0.52068
0.72517,1.0329,1.2923,1.217,0.48953
0.68012,0.97646,1.2752,1.2341,0.46456
0.63672,0.92194,1.2435,1.2525,0.448
0.5953,0.86976,1.1993,1.2707,0.4431
0.5563,0.81973,1.1469,1.286,0.4535
0.52068,0.77162,1.0904,1.2947,0.48237
0.48953,0.72517,1.0329,1.2923,0.53001
0.46456,0.68012,0.97646,1.2752,0.59293
0.448,0.63672,0.92194,1.2435,0.66427
0.4431,0.5953,0.86976,1.1993,0.73652
0.4535,0.5563,0.81973,1.1469,0.80369
0.48237,0.52068,0.77162,1.0904,0.86206
0.53001,0.48953,0.72517,1.0329,0.90978
0.59293,0.46456,0.68012,0.97646,0.94657
0.66427,0.448,0.63672,0.92194,0.97273
0.73652,0.4431,0.5953,0.86976,0.98928
0.80369,0.4535,0.5563,0.81973,0.99737
0.86206,0.48237,0.52068,0.77162,0.99835
0.90978,0.53001,0.48953,0.72517,0.99397
0.94657,0.59293,0.46456,0.68012,0.98602
0.97273,0.66427,0.448,0.63672,0.97668
0.98928,0.73652,0.4431,0.5953,0.96878
0.99737,0.80369,0.4535,0.5563,0.96537
0.99835,0.86206,0.48237,0.52068,0.96948
0.99397,0.90978,0.53001,0.48953,0.9838
0.98602,0.94657,0.59293,0.46456,1.0086
0.97668,0.97273,0.66427,0.448,1.0422
0.96878,0.98928,0.73652,0.4431,1.0793
0.96537,0.99737,0.80369,0.4535,1.1128
0.96948,0.99835,0.86206,0.48237,1.1362
0.9838,0.99397,0.90978,0.53001,1.1475
1.0086,0.98602,0.94657,0.59293,1.1478
1.0422,0.97668,0.97273,0.66427,1.1405
1.0793,0.96878,0.98928,0.73652,1.1294
1.1128,0.96537,0.99737,0.80369,1.1177
1.1362,0.96948,0.99835,0.86206,1.1079
1.1475,0.9838,0.99397,0.90978,1.1014
1.1478,1.0086,0.98602,0.94657,1.0989
1.1405,1.0422,0.97668,0.97273,1.0996
1.1294,1.0793,0.96878,0.98928,1.1025
1.1177,1.1128,0.96537,0.99737,1.105
1.1079,1.1362,0.96948,0.99835,1.104
1.1014,1.1475,0.9838,0.99397,1.0958
1.0989,1.1478,1.0086,0.98602,1.0769
1.0996,1.1405,1.0422,0.97668,1.0464
1.1025,1.1294,1.0793,0.96878,1.0061
1.105,1.1177,1.1128,0.96537,0.96062
1.104,1.1079,1.1362,0.96948,0.91454
1.0958,1.1014,1.1475,0.9838,0.8713
1.0769,1.0989,1.1478,1.0086,0.83327
1.0464,1.0996,1.1405,1.0422,0.80146
1.0061,1.1025,1.1294,1.0793,0.77616
0.96062,1.105,1.1177,1.1128,0.75646
0.91454,1.104,1.1079,1.1362,0.74129
0.8713,1.0958,1.1014,1.1475,0.72897
0.83327,1.0769,1.0989,1.1478,0.71817
0.80146,1.0464,1.0996,1.1405,0.70767
0.77616,1.0061,1.1025,1.1294,0.6972
0.75646,0.96062,1.105,1.1177,0.68753
0.74129,0.91454,1.104,1.1079,0.68012
0.72897,0.8713,1.0958,1.1014,0.67798
0.71817,0.83327,1.0769,1.0989,0.68491
0.70767,0.80146,1.0464,1.0996,0.7048
0.6972,0.77616,1.0061,1.1025,0.73908
0.68753,0.75646,0.96062,1.105,0.78575
0.68012,0.74129,0.91454,1.104,0.83947
0.67798,0.72897,0.8713,1.0958,0.8944
0.68491,0.71817,0.83327,1.0769,0.9465
0.7048,0.70767,0.80146,1.0464,0.99368
0.73908,0.6972,0.77616,1.0061,1.0354
0.78575,0.68753,0.75646,0.96062,1.072
0.83947,0.68012,0.74129,0.91454,1.1039
0.8944,0.67798,0.72897,0.8713,1.1314
0.9465,0.68491,0.71817,0.83327,1.155
0.99368,0.7048,0.70767,0.80146,1.1749
1.0354,0.73908,0.6972,0.77616,1.1917
1.072,0.78575,0.68753,0.75646,1.2057
1.1039,0.83947,0.68012,0.74129,1.2175
1.1314,0.8944,0.67798,0.72897,1.2285
1.155,0.9465,0.68491,0.71817,1.2403
1.1749,0.99368,0.7048,0.70767,1.2545
1.1917,1.0354,0.73908,0.6972,1.2711
1.2057,1.072,0.78575,0.68753,1.2873
1.2175,1.1039,0.83947,0.68012,1.2975
1.2285,1.1314,0.8944,0.67798,1.2954
1.2403,1.155,0.9465,0.68491,1.278
1.2545,1.1749,0.99368,0.7048,1.2457
1.2711,1.1917,1.0354,0.73908,1.2016
1.2873,1.2057,1.072,0.78575,1.1494
1.2975,1.2175,1.1039,0.83947,1.0926
1.2954,1.2285,1.1314,0.8944,1.0337
1.278,1.2403,1.155,0.9465,0.97485
1.2457,1.2545,1.1749,0.99368,0.91731
1.2016,1.2711,1.1917,1.0354,0.86199
1.1494,1.2873,1.2057,1.072,0.80938
1.0926,1.2975,1.2175,1.1039,0.75979
1.0337,1.2954,1.2285,1.1314,0.71295
0.97485,1.278,1.2403,1.155,0.66851
0.91731,1.2457,1.2545,1.1749,0.6261
0.86199,1.2016,1.2711,1.1917,0.58551
0.80938,1.1494,1.2873,1.2057,0.54727
0.75979,1.0926,1.2975,1.2175,0.51214
0.71295,1.0337,1.2954,1.2285,0.48148
0.66851,0.97485,1.278,1.2403,0.45688
0.6261,0.91731,1.2457,1.2545,0.4407
0.58551,0.86199,1.2016,1.2711,0.43591
0.54727,0.80938,1.1494,1.2873,0.44628
0.51214,0.75979,1.0926,1.2975,0.4752
0.48148,0.71295,1.0337,1.2954,0.52371
0.45688,0.66851,0.97485,1.278,0.58819
0.4407,0.6261,0.91731,1.2457,0.66123
0.43591,0.58551,0.86199,1.2016,0.73448
0.44628,0.54727,0.80938,1.1494,0.80156
0.4752,0.51214,0.75979,1.0926,0.85897
0.52371,0.48148,0.71295,1.0337,0.90542
0.58819,0.45688,0.66851,0.97485,0.94079
0.66123,0.4407,0.6261,0.91731,0.96581
0.73448,0.43591,0.58551,0.86199,0.98136
0.80156,0.44628,0.54727,0.80938,0.98851
0.85897,0.4752,0.51214,0.75979,0.98884
0.90542,0.52371,0.48148,0.71295,0.98392
0.94079,0.58819,0.45688,0.66851,0.97544
0.96581,0.66123,0.4407,0.6261,0.96578
0.98136,0.73448,0.43591,0.58551,0.95756
0.98851,0.80156,0.44628,0.54727,0.9538
0.98884,0.85897,0.4752,0.51214,0.95779
0.98392,0.90542,0.52371,0.48148,0.97212
0.97544,0.94079,0.58819,0.45688,0.99738
0.96578,0.96581,0.66123,0.4407,1.0317
0.95756,0.98136,0.73448,0.43591,1.0697
0.9538,0.98851,0.80156,0.44628,1.1043
0.95779,0.98884,0.85897,0.4752,1.1292
0.97212,0.98392,0.90542,0.52371,1.1426
0.99738,0.97544,0.94079,0.58819,1.1455
1.0317,0.96578,0.96581,0.66123,1.1411
1.0697,0.95756,0.98136,0.73448,1.1331
1.1043,0.9538,0.98851,0.80156,1.1246
1.1292,0.95779,0.98884,0.85897,1.1177
1.1426,0.97212,0.98392,0.90542,1.1142
1.1455,0.99738,0.97544,0.94079,1.1142
1.1411,1.0317,0.96578,0.96581,1.1175
1.1331,1.0697,0.95756,0.98136,1.1226
1.1246,1.1043,0.9538,0.98851,1.1272
1.1177,1.1292,0.95779,0.98884,1.1283
1.1142,1.1426,0.97212,0.98392,1.1221
1.1142,1.1455,0.99738,0.97544,1.1048
1.1175,1.1411,1.0317,0.96578,1.0754
1.1226,1.1331,1.0697,0.95756,1.0355
1.1272,1.1246,1.1043,0.9538,0.98952
1.1283,1.1177,1.1292,0.95779,0.94237
1.1221,1.1142,1.1426,0.97212,0.89745
1.1048,1.1142,1.1455,0.99738,0.85716
1.0754,1.1175,1.1411,1.0317,0.82244
1.0355,1.1226,1.1331,1.0697,0.79357
0.98952,1.1272,1.1246,1.1043,0.76966
0.94237,1.1283,1.1177,1.1292,0.74961
0.89745,1.1221,1.1142,1.1426,0.73198
0.85716,1.1048,1.1142,1.1455,0.71555
0.82244,1.0754,1.1175,1.1411,0.69933
0.79357,1.0355,1.1226,1.1331,0.68301
0.76966,0.98952,1.1272,1.1246,0.66751
0.74961,0.94237,1.1283,1.1177,0.65409
0.73198,0.89745,1.1221,1.1142,0.64552
0.71555,0.85716,1.1048,1.1142,0.64542
0.69933,0.82244,1.0754,1.1175,0.65794
0.68301,0.79357,1.0355,1.1226,0.68571
0.66751,0.76966,0.98952,1.1272,0.72824
0.65409,0.74961,0.94237,1.1283,0.78099
0.64552,0.73198,0.89745,1.1221,0.83806
0.64542,0.71555,0.85716,1.1048,0.89431
0.65794,0.69933,0.82244,1.0754,0.94663
0.68571,0.68301,0.79357,1.0355,0.99356
0.72824,0.66751,0.76966,0.98952,1.0349
0.78099,0.65409,0.74961,0.94237,1.0707
0.83806,0.64552,0.73198,0.89745,1.1017
0.89431,0.64542,0.71555,0.85716,1.1278
0.94663,0.65794,0.69933,0.82244,1.1494
0.99356,0.68571,0.68301,0.79357,1.1667
1.0349,0.72824,0.66751,0.76966,1.1798
1.0707,0.78099,0.65409,0.74961,1.1895
1.1017,0.83806,0.64552,0.73198,1.1975
1.1278,0.89431,0.64542,0.71555,1.2057
1.1494,0.94663,0.65794,0.69933,1.2165
1.1667,0.99356,0.68571,0.68301,1.2311
1.1798,1.0349,0.72824,0.66751,1.2493
1.1895,1.0707,0.78099,0.65409,1.2676
1.1975,1.1017,0.83806,0.64552,1.2797
1.2057,1.1278,0.89431,0.64542,1.2793
1.2165,1.1494,0.94663,0.65794,1.2633
1.2311,1.1667,0.99356,0.68571,1.2325
1.2493,1.1798,1.0349,0.72824,1.19
1.2676,1.1895,1.0707,0.78099,1.1396
1.2797,1.1975,1.1017,0.83806,1.0845
1.2793,1.2057,1.1278,0.89431,1.0277
1.2633,1.2165,1.1494,0.94663,0.97109
1.2325,1.2311,1.1667,0.99356,0.91623
1.19,1.2493,1.1798,1.0349,0.86396
1.1396,1.2676,1.1895,1.0707,0.81482
1.0845,1.2797,1.1975,1.1017,0.76875
1.0277,1.2793,1.2057,1.1278,0.72517
0.97109,1.2633,1.2165,1.1494,0.68346
0.91623,1.2325,1.2311,1.1667,0.64279
0.86396,1.19,1.2493,1.1798,0.60325
0.81482,1.1396,1.2676,1.1895,0.56559
0.76875,1.0845,1.2797,1.1975,0.53068
0.72517,1.0277,1.2793,1.2057,0.50013
0.68346,0.97109,1.2633,1.2165,0.47576
0.64279,0.91623,1.2325,1.2311,0.46002
0.60325,0.86396,1.19,1.2493,0.45593
0.56559,0.81482,1.1396,1.2676,0.46714
0.53068,0.76875,1.0845,1.2797,0.49665
0.50013,0.72517,1.0277,1.2793,0.54497
0.47576,0.68346,0.97109,1.2633,0.60821
0.46002,0.64279,0.91623,1.2325,0.67928
0.45593,0.60325,0.86396,1.19,0.75058
0.46714,0.56559,0.81482,1.1396,0.81634
0.49665,0.53068,0.76875,1.0845,0.87338
0.54497,0.50013,0.72517,1.0277,0.92031
0.60821,0.47576,0.68346,0.97109,0.95682
0.67928,0.46002,0.64279,0.91623,0.98329
0.75058,0.45593,0.60325,0.86396,1.0005
0.81634,0.46714,0.56559,0.81482,1.0093
0.87338,0.49665,0.53068,0.76875,1.0111
0.92031,0.54497,0.50013,0.72517,1.0076
0.95682,0.60821,0.47576,0.68346,1.0004
0.98329,0.67928,0.46002,0.64279,0.99215
1.0005,0.75058,0.45593,0.60325,0.98529
1.0093,0.81634,0.46714,0.56559,0.9829
1.0111,0.87338,0.49665,0.53068,0.98818
1.0076,0.92031,0.54497,0.50013,1.0034
1.0004,0.95682,0.60821,0.47576,1.029
0.99215,0.98329,0.67928,0.46002,1.0625
0.98529,1.0005,0.75058,0.45593,1.0982
0.9829,1.0093,0.81634,0.46714,1.1288
0.98818,1.0111,0.87338,0.49665,1.1486
1.0034,1.0076,0.92031,0.54497,1.1555
1.029,1.0004,0.95682,0.60821,1.1514
1.0625,0.99215,0.98329,0.67928,1.1398
1.0982,0.98529,1.0005,0.75058,1.1244
1.1288,0.9829,1.0093,0.81634,1.1085
1.1486,0.98818,1.0111,0.87338,1.0945
1.1555,1.0034,1.0076,0.92031,1.0839
1.1514,1.029,1.0004,0.95682,1.0774
1.1398,1.0625,0.99215,0.98329,1.0745
1.1244,1.0982,0.98529,1.0005,1.0735
1.1085,1.1288,0.9829,1.0093,1.0723
1.0945,1.1486,0.98818,1.0111,1.0673
1.0839,1.1555,1.0034,1.0076,1.0548
1.0774,1.1514,1.029,1.0004,1.0322
1.0745,1.1398,1.0625,0.99215,0.99876
1.0735,1.1244,1.0982,0.98529,0.95743
1.0723,1.1085,1.1288,0.9829,0.91251
1.0673,1.0945,1.1486,0.98818,0.86822
1.0548,1.0839,1.1555,1.0034,0.82788
1.0322,1.0774,1.1514,1.029,0.79357
0.99876,1.0745,1.1398,1.0625,0.7664
0.95743,1.0735,1.1244,1.0982,0.74653
0.91251,1.0723,1.1085,1.1288,0.73339
0.86822,1.0673,1.0945,1.1486,0.72556
0.82788,1.0548,1.0839,1.1555,0.72141
0.79357,1.0322,1.0774,1.1514,0.71926
0.7664,0.99876,1.0745,1.1398,0.71807
0.74653,0.95743,1.0735,1.1244,0.71703
0.73339,0.91251,1.0723,1.1085,0.71729
0.72556,0.86822,1.0673,1.0945,0.7207
0.72141,0.82788,1.0548,1.0839,0.73029
0.71926,0.79357,1.0322,1.0774,0.74991
0.71807,0.7664,0.99876,1.0745,0.78173
0.71703,0.74653,0.95743,1.0735,0.82511
0.71729,0.73339,0.91251,1.0723,0.87551
0.7207,0.72556,0.86822,1.0673,0.92746
0.73029,0.72141,0.82788,1.0548,0.9765
0.74991,0.71926,0.79357,1.0322,1.0205
0.78173,0.71807,0.7664,0.99876,1.059
0.82511,0.71703,0.74653,0.95743,1.0924
0.87551,0.71729,0.73339,0.91251,1.1216
0.92746,0.7207,0.72556,0.86822,1.1475
0.9765,0.73029,0.72141,0.82788,1.1705
1.0205,0.74991,0.71926,0.79357,1.191
1.059,0.78173,0.71807,0.7664,1.2094
1.0924,0.82511,0.71703,0.74653,1.2259
1.1216,0.87551,0.71729,0.73339,1.2412
1.1475,0.92746,0.7207,0.72556,1.2559
1.1705,0.9765,0.73029,0.72141,1.2706
1.191,1.0205,0.74991,0.71926,1.286
1.2094,1.059,0.78173,0.71807,1.301
1.2259,1.0924,0.82511,0.71703,1.3121
1.2412,1.1216,0.87551,0.71729,1.3135
1.2559,1.1475,0.92746,0.7207,1.3005
1.2706,1.1705,0.9765,0.73029,1.2721
1.286,1.191,1.0205,0.74991,1.2307
1.301,1.2094,1.059,0.78173,1.1801
1.3121,1.2259,1.0924,0.82511,1.1237
1.3135,1.2412,1.1216,0.87551,1.0643
1.3005,1.2559,1.1475,0.92746,1.004
1.2721,1.2706,1.1705,0.9765,0.94427
1.2307,1.286,1.191,1.0205,0.88611
1.1801,1.301,1.2094,1.059,0.83011
1.1237,1.3121,1.2259,1.0924,0.7767
1.0643,1.3135,1.2412,1.1216,0.72602
1.004,1.3005,1.2559,1.1475,0.67803
0.94427,1.2721,1.2706,1.1705,0.63267
0.88611,1.2307,1.286,1.191,0.58986
0.83011,1.1801,1.301,1.2094,0.54969
0.7767,1.1237,1.3121,1.2259,0.51267
0.72602,1.0643,1.3135,1.2412,0.47975
0.67803,1.004,1.3005,1.2559,0.45224
0.63267,0.94427,1.2721,1.2706,0.43203
0.58986,0.88611,1.2307,1.286,0.42163
0.54969,0.83011,1.1801,1.301,0.42461
0.51267,0.7767,1.1237,1.3121,0.44473
0.47975,0.72602,1.0643,1.3135,0.48475
0.45224,0.67803,1.004,1.3005,0.54344
0.43203,0.63267,0.94427,1.2721,0.6149
0.42163,0.58986,0.88611,1.2307,0.6904
0.42461,0.54969,0.83011,1.1801,0.76197
0.44473,0.51267,0.7767,1.1237,0.82448
0.48475,0.47975,0.72602,1.0643,0.87571
0.54344,0.45224,0.67803,1.004,0.91521
0.6149,0.43203,0.63267,0.94427,0.94358
0.6904,0.42163,0.58986,0.88611,0.96177
0.76197,0.42461,0.54969,0.83011,0.9712
0.82448,0.44473,0.51267,0.7767,0.97317
0.87571,0.48475,0.47975,0.72602,0.96906
0.91521,0.54344,0.45224,0.67803,0.96079
0.94358,0.6149,0.43203,0.63267,0.95042
0.96177,0.6904,0.42163,0.58986,0.94019
0.9712,0.76197,0.42461,0.54969,0.93314
0.97317,0.82448,0.44473,0.51267,0.93254
0.96906,0.87571,0.48475,0.47975,0.9413
0.96079,0.91521,0.54344,0.45224,0.96164
0.95042,0.94358,0.6149,0.43203,0.99261
0.94019,0.96177,0.6904,0.42163,1.0308
0.93314,0.9712,0.76197,0.42461,1.0699
0.93254,0.97317,0.82448,0.44473,1.1027
0.9413,0.96906,0.87571,0.48475,1.1253
0.96164,0.96079,0.91521,0.54344,1.1373
0.99261,0.95042,0.94358,0.6149,1.141
1.0308,0.94019,0.96177,0.6904,1.1397
1.0699,0.93314,0.9712,0.76197,1.1365
1.1027,0.93254,0.97317,0.82448,1.1342
1.1253,0.9413,0.96906,0.87571,1.1342
1.1373,0.96164,0.96079,0.91521,1.1376
1.141,0.99261,0.95042,0.94358,1.144
1.1397,1.0308,0.94019,0.96177,1.1526
1.1365,1.0699,0.93314,0.9712,1.1616
1.1342,1.1027,0.93254,0.97317,1.1685
1.1342,1.1253,0.9413,0.96906,1.1702
1.1376,1.1373,0.96164,0.96079,1.1626
1.144,1.141,0.99261,0.95042,1.1426
1.1526,1.1397,1.0308,0.94019,1.1096
1.1616,1.1365,1.0699,0.93314,1.0666
1.1685,1.1342,1.1027,0.93254,1.0185
1.1702,1.1342,1.1253,0.9413,0.96995
1.1626,1.1376,1.1373,0.96164,0.92383
1.1426,1.144,1.141,0.99261,0.88186
1.1096,1.1526,1.1397,1.0308,0.84454
1.0666,1.1616,1.1365,1.0699,0.81165
1.0185,1.1685,1.1342,1.1027,0.78218
0.96995,1.1702,1.1342,1.1253,0.75501
0.92383,1.1626,1.1376,1.1373,0.72901
0.88186,1.1426,1.144,1.141,0.7035
0.84454,1.1096,1.1526,1.1397,0.67799
0.81165,1.0666,1.1616,1.1365,0.6529
0.78218,1.0185,1.1685,1.1342,0.62912
0.75501,0.96995,1.1702,1.1342,0.60821
0.72901,0.92383,1.1626,1.1376,0.59278
0.7035,0.88186,1.1426,1.144,0.58627
0.67799,0.84454,1.1096,1.1526,0.59276
0.6529,0.81165,1.0666,1.1616,0.61534
0.62912,0.78218,1.0185,1.1685,0.65429
0.60821,0.75501,0.96995,1.1702,0.70615
0.59278,0.72901,0.92383,1.1626,0.7653
0.58627,0.7035,0.88186,1.1426,0.82599
0.59276,0.67799,0.84454,1.1096,0.88416
0.61534,0.6529,0.81165,1.0666,0.93742
0.65429,0.62912,0.78218,1.0185,0.98462
0.70615,0.60821,0.75501,0.96995,1.0253
0.7653,0.59278,0.72901,0.92383,1.0594
0.82599,0.58627,0.7035,0.88186,1.0868
0.88416,0.59276,0.67799,0.84454,1.108
0.93742,0.61534,0.6529,0.81165,1.1232
0.98462,0.65429,0.62912,0.78218,1.133
1.0253,0.70615,0.60821,0.75501,1.1386
1.0594,0.7653,0.59278,0.72901,1.1418
1.0868,0.82599,0.58627,0.7035,1.1445
1.108,0.88416,0.59276,0.67799,1.1496
1.1232,0.93742,0.61534,0.6529,1.1597
1.133,0.98462,0.65429,0.62912,1.176
1.1386,1.0253,0.70615,0.60821,1.1978
1.1418,1.0594,0.7653,0.59278,1.2211
1.1445,1.0868,0.82599,0.58627,1.2389
1.1496,1.108,0.88416,0.59276,1.245
1.1597,1.1232,0.93742,0.61534,1.2354
1.176,1.133,0.98462,0.65429,1.2108
1.1978,1.1386,1.0253,0.70615,1.1742
1.2211,1.1418,1.0594,0.7653,1.1298
1.2389,1.1445,1.0868,0.82599,1.0812
1.245,1.1496,1.108,0.88416,1.0314
1.2354,1.1597,1.1232,0.93742,0.98268
1.2108,1.176,1.133,0.98462,0.93637
1.1742,1.1978,1.1386,1.0253,0.89326
1.1298,1.2211,1.1418,1.0594,0.85368
1.0812,1.2389,1.1445,1.0868,0.81671
1.0314,1.245,1.1496,1.108,0.78119
0.98268,1.2354,1.1597,1.1232,0.74564
0.93637,1.2108,1.176,1.133,0.70917
0.89326,1.1742,1.1978,1.1386,0.6716
0.85368,1.1298,1.2211,1.1418,0.63375
0.81671,1.0812,1.2389,1.1445,0.59755
0.78119,1.0314,1.245,1.1496,0.565
0.74564,0.98268,1.2354,1.1597,0.53848
0.70917,0.93637,1.2108,1.176,0.52047
0.6716,0.89326,1.1742,1.1978,0.51383
0.63375,0.85368,1.1298,1.2211,0.5216
0.59755,0.81671,1.0812,1.2389,0.54586
